Workbook

Sheet Published
A1: Source: Table 2, Molecules 2023, 28, 50 (published version). Average column as printed.
A3: Peptide | B3: VS SVM | C3: VS RF | D3: HM1 SVM | E3: HM1 RF | F3: HM1 IBk | G3: HM1 K* | H3: HM2 SVM | I3: HM2 RF | J3: HM2 IBk | K3: HM2 K* | L3: Average IC50 (µM) | M3: Check: mean of 10 cols
A4: csAVP1 | B4: 46.19 | C4: 0.01 | D4: 104.96 | E4: 29.05 | F4: 42.8 | G4: 0.22 | H4: 104.76 | I4: 29.56 | J4: 0.22 | K4: 0.01 | L4: 35.78 | M4: =ROUND(AVERAGE(B4:K4),2) -> 35.78
A5: csAVP2 | B5: 45.82 | C5: 0.01 | D5: 78.69 | E5: 108.68 | F5: 152.62 | G5: 11.41 | H5: 78.6 | I5: 109.07 | J5: 11.41 | K5: 0.01 | L5: 59.63 | M5: =ROUND(AVERAGE(B5:K5),2) -> 59.63
A6: csAVP3 | B6: 45.9 | C6: 0.01 | D6: 32.67 | E6: 38.96 | F6: 57.24 | G6: 17.01 | H6: 32.76 | I6: 39.57 | J6: 17.01 | K6: 0.01 | L6: 28.11 | M6: =ROUND(AVERAGE(B6:K6),2) -> 28.11
A7: csAVP4 | B7: 45.92 | C7: 0.01 | D7: 40.75 | E7: 19.24 | F7: 19.85 | G7: 8.01 | H7: 40.75 | I7: 19.62 | J7: 8.01 | K7: 0.01 | L7: 20.22 | M7: =ROUND(AVERAGE(B7:K7),2) -> 20.22
A8: csAVP5 | B8: 48.16 | C8: 0.01 | D8: 49.29 | E8: 17.59 | F8: 31.74 | G8: 11.01 | H8: 49.21 | I8: 17.82 | J8: 11.01 | K8: 0.01 | L8: 23.59 | M8: =ROUND(AVERAGE(B8:K8),2) -> 23.59
A9: csAVP6 | B9: 45.92 | C9: 0.01 | D9: 39.4 | E9: 58.99 | F9: 34.91 | G9: 0.01 | H9: 39.42 | I9: 57.25 | J9: 0.01 | K9: 0.01 | L9: 27.59 | M9: =ROUND(AVERAGE(B9:K9),2) -> 27.59
A10: csAVP7 | B10: 45.63 | C10: 0.01 | D10: 51.16 | E10: 48.57 | F10: 19.85 | G10: 313.01 | H10: 51.15 | I10: 48.32 | J10: 70.01 | K10: 0.01 | L10: 64.77 | M10: =ROUND(AVERAGE(B10:K10),2) -> 64.77
A11: csAVP8 | B11: 45.91 | C11: 0.01 | D11: 38.66 | E11: 12.84 | F11: 11.05 | G11: 1.01 | H11: 38.69 | I11: 13.04 | J11: 1.01 | K11: 0.01 | L11: 16.22 | M11: =ROUND(AVERAGE(B11:K11),2) -> 16.22
A12: csAVP9 | B12: 45.74 | C12: 0.01 | D12: 46.33 | E12: 48.26 | F12: 34.78 | G12: 14.01 | H12: 46.25 | I12: 48.17 | J12: 14.01 | K12: 0.01 | L12: 29.76 | M12: =ROUND(AVERAGE(B12:K12),2) -> 29.76
A13: csAVP10 | B13: 45.94 | C13: 0.01 | D13: 45.75 | E13: 17.61 | F13: 62.98 | G13: 9.01 | H13: 45.73 | I13: 17.63 | J13: 9.01 | K13: 0.01 | L13: 25.37 | M13: =ROUND(AVERAGE(B13:K13),2) -> 25.37
A15: VS = virus-specific (RSV/INFV/HSV); HM1/HM2 = Hybrid Model I/II. Blue = values entered from source; black = formulas.

Sheet Rerun_2026-09-30
A1: Source: AVP-IC50Pred re-run 30 Sep 2026 — VS job 2009388907 (screenshot); HM1 jobs 2118875579 (screenshot) and 1243325905 (1243325905.xls, identical); HM2 job 829598489 (829598489.xls).
A3: Peptide | B3: VS SVM | C3: VS RF | D3: HM1 SVM | E3: HM1 RF | F3: HM1 IBk | G3: HM1 K* | H3: HM2 SVM | I3: HM2 RF | J3: HM2 IBk | K3: HM2 K* | L3: Average IC50 (µM)
A4: csAVP1 | B4: 46.17 | C4: 30.19 | D4: 99.44 | E4: 38 | F4: 125.46 | G4: 0.22 | H4: 99.26 | I4: 38.54 | J4: 0.01 | K4: 0.01 | L4: =ROUND(AVERAGE(B4:K4),2) -> 47.73
A5: csAVP2 | B5: 45.82 | C5: 75.32 | D5: 78.69 | E5: 108.68 | F5: 152.62 | G5: 11.41 | H5: 78.6 | I5: 109.07 | J5: 0.01 | K5: 0.01 | L5: =ROUND(AVERAGE(B5:K5),2) -> 66.02
A6: csAVP3 | B6: 45.9 | C6: 111.35 | D6: 32.97 | E6: 41.74 | F6: 58.84 | G6: 17.01 | H6: 33.05 | I6: 42.34 | J6: 0.01 | K6: 0.01 | L6: =ROUND(AVERAGE(B6:K6),2) -> 38.32
A7: csAVP4 | B7: 45.92 | C7: 104.83 | D7: 40.75 | E7: 19.24 | F7: 19.85 | G7: 8.01 | H7: 40.74 | I7: 19.62 | J7: 0.01 | K7: 0.01 | L7: =ROUND(AVERAGE(B7:K7),2) -> 29.9
A8: csAVP5 | B8: 48 | C8: 14.62 | D8: 49.27 | E8: 19.61 | F8: 33.46 | G8: 11.01 | H8: 49.19 | I8: 19.84 | J8: 0.01 | K8: 0.01 | L8: =ROUND(AVERAGE(B8:K8),2) -> 24.5
A9: csAVP6 | B9: 45.92 | C9: 247.86 | D9: 39.43 | E9: 73.22 | F9: 35.16 | G9: 0.01 | H9: 39.45 | I9: 71.64 | J9: 0.01 | K9: 0.01 | L9: =ROUND(AVERAGE(B9:K9),2) -> 55.27
A10: csAVP7 | B10: 45.79 | C10: 126.57 | D10: 46.57 | E10: 49.41 | F10: 19.85 | G10: 313.01 | H10: 46.56 | I10: 49.17 | J10: 0.01 | K10: 0.01 | L10: =ROUND(AVERAGE(B10:K10),2) -> 69.7
A11: csAVP8 | B11: 45.91 | C11: 171.33 | D11: 38.71 | E11: 13.64 | F11: 11.8 | G11: 1.01 | H11: 38.74 | I11: 13.84 | J11: 0.01 | K11: 0.01 | L11: =ROUND(AVERAGE(B11:K11),2) -> 33.5
A12: csAVP9 | B12: 45.75 | C12: 366.97 | D12: 45.99 | E12: 56.5 | F12: 36.75 | G12: 14.01 | H12: 45.91 | I12: 56.5 | J12: 0.01 | K12: 0.01 | L12: =ROUND(AVERAGE(B12:K12),2) -> 66.84
A13: csAVP10 | B13: 45.92 | C13: 185.64 | D13: 45.75 | E13: 17.61 | F13: 62.98 | G13: 9.01 | H13: 45.73 | I13: 17.63 | J13: 0.01 | K13: 0.01 | L13: =ROUND(AVERAGE(B13:K13),2) -> 43.03
A15: VS = virus-specific (RSV/INFV/HSV); HM1/HM2 = Hybrid Model I/II. Blue = values entered from source; black = formulas.

Sheet Comparison
A1: Difference = Re-run (30 Sep 2026) − Published. Red fill: |difference| > 0.05 µM.
A3: Peptide | B3: VS SVM | C3: VS RF | D3: HM1 SVM | E3: HM1 RF | F3: HM1 IBk | G3: HM1 K* | H3: HM2 SVM | I3: HM2 RF | J3: HM2 IBk | K3: HM2 K* | L3: Average IC50 (µM)
A4: csAVP1 | B4: ='Rerun_2026-09-30'!B4-Published!B4 -> -0.02 | C4: ='Rerun_2026-09-30'!C4-Published!C4 -> 30.18 | D4: ='Rerun_2026-09-30'!D4-Published!D4 -> -5.52 | E4: ='Rerun_2026-09-30'!E4-Published!E4 -> 8.95 | F4: ='Rerun_2026-09-30'!F4-Published!F4 -> 82.66 | G4: ='Rerun_2026-09-30'!G4-Published!G4 -> 0 | H4: ='Rerun_2026-09-30'!H4-Published!H4 -> -5.5 | I4: ='Rerun_2026-09-30'!I4-Published!I4 -> 8.98 | ... L4: ='Rerun_2026-09-30'!L4-Published!L4 -> 11.95
A5: csAVP2 | B5: ='Rerun_2026-09-30'!B5-Published!B5 -> 0 | C5: ='Rerun_2026-09-30'!C5-Published!C5 -> 75.31 | D5: ='Rerun_2026-09-30'!D5-Published!D5 -> 0 | E5: ='Rerun_2026-09-30'!E5-Published!E5 -> 0 | F5: ='Rerun_2026-09-30'!F5-Published!F5 -> 0 | G5: ='Rerun_2026-09-30'!G5-Published!G5 -> 0 | H5: ='Rerun_2026-09-30'!H5-Published!H5 -> 0 | I5: ='Rerun_2026-09-30'!I5-Published!I5 -> 0 | ... L5: ='Rerun_2026-09-30'!L5-Published!L5 -> 6.39
A6: csAVP3 | B6: ='Rerun_2026-09-30'!B6-Published!B6 -> 0 | C6: ='Rerun_2026-09-30'!C6-Published!C6 -> 111.34 | D6: ='Rerun_2026-09-30'!D6-Published!D6 -> 0.3 | E6: ='Rerun_2026-09-30'!E6-Published!E6 -> 2.78 | F6: ='Rerun_2026-09-30'!F6-Published!F6 -> 1.6 | G6: ='Rerun_2026-09-30'!G6-Published!G6 -> 0 | H6: ='Rerun_2026-09-30'!H6-Published!H6 -> 0.29 | I6: ='Rerun_2026-09-30'!I6-Published!I6 -> 2.77 | ... L6: ='Rerun_2026-09-30'!L6-Published!L6 -> 10.21
A7: csAVP4 | B7: ='Rerun_2026-09-30'!B7-Published!B7 -> 0 | C7: ='Rerun_2026-09-30'!C7-Published!C7 -> 104.82 | D7: ='Rerun_2026-09-30'!D7-Published!D7 -> 0 | E7: ='Rerun_2026-09-30'!E7-Published!E7 -> 0 | F7: ='Rerun_2026-09-30'!F7-Published!F7 -> 0 | G7: ='Rerun_2026-09-30'!G7-Published!G7 -> 0 | H7: ='Rerun_2026-09-30'!H7-Published!H7 -> -0.01 | I7: ='Rerun_2026-09-30'!I7-Published!I7 -> 0 | ... L7: ='Rerun_2026-09-30'!L7-Published!L7 -> 9.68
A8: csAVP5 | B8: ='Rerun_2026-09-30'!B8-Published!B8 -> -0.16 | C8: ='Rerun_2026-09-30'!C8-Published!C8 -> 14.61 | D8: ='Rerun_2026-09-30'!D8-Published!D8 -> -0.02 | E8: ='Rerun_2026-09-30'!E8-Published!E8 -> 2.02 | F8: ='Rerun_2026-09-30'!F8-Published!F8 -> 1.72 | G8: ='Rerun_2026-09-30'!G8-Published!G8 -> 0 | H8: ='Rerun_2026-09-30'!H8-Published!H8 -> -0.02 | I8: ='Rerun_2026-09-30'!I8-Published!I8 -> 2.02 | ... L8: ='Rerun_2026-09-30'!L8-Published!L8 -> 0.91
A9: csAVP6 | B9: ='Rerun_2026-09-30'!B9-Published!B9 -> 0 | C9: ='Rerun_2026-09-30'!C9-Published!C9 -> 247.85 | D9: ='Rerun_2026-09-30'!D9-Published!D9 -> 0.03 | E9: ='Rerun_2026-09-30'!E9-Published!E9 -> 14.23 | F9: ='Rerun_2026-09-30'!F9-Published!F9 -> 0.25 | G9: ='Rerun_2026-09-30'!G9-Published!G9 -> 0 | H9: ='Rerun_2026-09-30'!H9-Published!H9 -> 0.03 | I9: ='Rerun_2026-09-30'!I9-Published!I9 -> 14.39 | ... L9: ='Rerun_2026-09-30'!L9-Published!L9 -> 27.68
A10: csAVP7 | B10: ='Rerun_2026-09-30'!B10-Published!B10 -> 0.16 | C10: ='Rerun_2026-09-30'!C10-Published!C10 -> 126.56 | D10: ='Rerun_2026-09-30'!D10-Published!D10 -> -4.59 | E10: ='Rerun_2026-09-30'!E10-Published!E10 -> 0.84 | F10: ='Rerun_2026-09-30'!F10-Published!F10 -> 0 | G10: ='Rerun_2026-09-30'!G10-Published!G10 -> 0 | H10: ='Rerun_2026-09-30'!H10-Published!H10 -> -4.59 | I10: ='Rerun_2026-09-30'!I10-Published!I10 -> 0.85 | ... L10: ='Rerun_2026-09-30'!L10-Published!L10 -> 4.93
A11: csAVP8 | B11: ='Rerun_2026-09-30'!B11-Published!B11 -> 0 | C11: ='Rerun_2026-09-30'!C11-Published!C11 -> 171.32 | D11: ='Rerun_2026-09-30'!D11-Published!D11 -> 0.05 | E11: ='Rerun_2026-09-30'!E11-Published!E11 -> 0.8 | F11: ='Rerun_2026-09-30'!F11-Published!F11 -> 0.75 | G11: ='Rerun_2026-09-30'!G11-Published!G11 -> 0 | H11: ='Rerun_2026-09-30'!H11-Published!H11 -> 0.05 | I11: ='Rerun_2026-09-30'!I11-Published!I11 -> 0.8 | ... L11: ='Rerun_2026-09-30'!L11-Published!L11 -> 17.28
A12: csAVP9 | B12: ='Rerun_2026-09-30'!B12-Published!B12 -> 0.01 | C12: ='Rerun_2026-09-30'!C12-Published!C12 -> 366.96 | D12: ='Rerun_2026-09-30'!D12-Published!D12 -> -0.34 | E12: ='Rerun_2026-09-30'!E12-Published!E12 -> 8.24 | F12: ='Rerun_2026-09-30'!F12-Published!F12 -> 1.97 | G12: ='Rerun_2026-09-30'!G12-Published!G12 -> 0 | H12: ='Rerun_2026-09-30'!H12-Published!H12 -> -0.34 | I12: ='Rerun_2026-09-30'!I12-Published!I12 -> 8.33 | ... L12: ='Rerun_2026-09-30'!L12-Published!L12 -> 37.08
A13: csAVP10 | B13: ='Rerun_2026-09-30'!B13-Published!B13 -> -0.02 | C13: ='Rerun_2026-09-30'!C13-Published!C13 -> 185.63 | D13: ='Rerun_2026-09-30'!D13-Published!D13 -> 0 | E13: ='Rerun_2026-09-30'!E13-Published!E13 -> 0 | F13: ='Rerun_2026-09-30'!F13-Published!F13 -> 0 | G13: ='Rerun_2026-09-30'!G13-Published!G13 -> 0 | H13: ='Rerun_2026-09-30'!H13-Published!H13 -> 0 | I13: ='Rerun_2026-09-30'!I13-Published!I13 -> 0 | ... L13: ='Rerun_2026-09-30'!L13-Published!L13 -> 17.66
A15: Rows/columns matching exactly
A16: Cells differing by > 0.05 | B16: =SUMPRODUCT((ABS(B4:K13)>0.05)*1) -> 51
A17: Of 100 values in Table 2

Sheet Average_ranking
A1: Peptide | B1: Published avg | C1: Rank (published) | D1: Re-run avg | E1: Rank (re-run)
A2: csAVP1 | B2: =Published!L4 -> 35.78 | C2: =RANK(B2,$B$2:$B$11,1) -> 8 | D2: ='Rerun_2026-09-30'!L4 -> 47.73 | E2: =RANK(D2,$D$2:$D$11,1) -> 6
A3: csAVP2 | B3: =Published!L5 -> 59.63 | C3: =RANK(B3,$B$2:$B$11,1) -> 9 | D3: ='Rerun_2026-09-30'!L5 -> 66.02 | E3: =RANK(D3,$D$2:$D$11,1) -> 8
A4: csAVP3 | B4: =Published!L6 -> 28.11 | C4: =RANK(B4,$B$2:$B$11,1) -> 6 | D4: ='Rerun_2026-09-30'!L6 -> 38.32 | E4: =RANK(D4,$D$2:$D$11,1) -> 4
A5: csAVP4 | B5: =Published!L7 -> 20.22 | C5: =RANK(B5,$B$2:$B$11,1) -> 2 | D5: ='Rerun_2026-09-30'!L7 -> 29.9 | E5: =RANK(D5,$D$2:$D$11,1) -> 2
A6: csAVP5 | B6: =Published!L8 -> 23.59 | C6: =RANK(B6,$B$2:$B$11,1) -> 3 | D6: ='Rerun_2026-09-30'!L8 -> 24.5 | E6: =RANK(D6,$D$2:$D$11,1) -> 1
A7: csAVP6 | B7: =Published!L9 -> 27.59 | C7: =RANK(B7,$B$2:$B$11,1) -> 5 | D7: ='Rerun_2026-09-30'!L9 -> 55.27 | E7: =RANK(D7,$D$2:$D$11,1) -> 7
A8: csAVP7 | B8: =Published!L10 -> 64.77 | C8: =RANK(B8,$B$2:$B$11,1) -> 10 | D8: ='Rerun_2026-09-30'!L10 -> 69.7 | E8: =RANK(D8,$D$2:$D$11,1) -> 10
A9: csAVP8 | B9: =Published!L11 -> 16.22 | C9: =RANK(B9,$B$2:$B$11,1) -> 1 | D9: ='Rerun_2026-09-30'!L11 -> 33.5 | E9: =RANK(D9,$D$2:$D$11,1) -> 3
A10: csAVP9 | B10: =Published!L12 -> 29.76 | C10: =RANK(B10,$B$2:$B$11,1) -> 7 | D10: ='Rerun_2026-09-30'!L12 -> 66.84 | E10: =RANK(D10,$D$2:$D$11,1) -> 9
A11: csAVP10 | B11: =Published!L13 -> 25.37 | C11: =RANK(B11,$B$2:$B$11,1) -> 4 | D11: ='Rerun_2026-09-30'!L13 -> 43.03 | E11: =RANK(D11,$D$2:$D$11,1) -> 5
A13: Rank 1 = lowest average IC50 (highest predicted efficacy).

Sheet VS_RF_runs
A1: Peptide | B1: Published (2022) | C1: Re-run Apr 2026 | D1: Re-run 30 Sep 2026 | E1: Sep − Apr | F1: Re-run 30 Sep 2026 #2 (job 1806815164) | G1: #2 − #1
A2: csAVP1 | B2: 0.01 | C2: 36.44 | D2: 30.19 | E2: =D2-C2 -> -6.25 | F2: 30.19 | G2: =F2-D2 -> 0
A3: csAVP2 | B3: 0.01 | C3: 59.59 | D3: 75.32 | E3: =D3-C3 -> 15.73 | F3: 75.32 | G3: =F3-D3 -> 0
A4: csAVP3 | B4: 0.01 | C4: 111.35 | D4: 111.35 | E4: =D4-C4 -> 0 | F4: 111.35 | G4: =F4-D4 -> 0
A5: csAVP4 | B5: 0.01 | C5: 104.83 | D5: 104.83 | E5: =D5-C5 -> 0 | F5: 104.83 | G5: =F5-D5 -> 0
A6: csAVP5 | B6: 0.01 | C6: 14.62 | D6: 14.62 | E6: =D6-C6 -> 0 | F6: 14.62 | G6: =F6-D6 -> 0
A7: csAVP6 | B7: 0.01 | C7: 247.86 | D7: 247.86 | E7: =D7-C7 -> 0 | F7: 247.86 | G7: =F7-D7 -> 0
A8: csAVP7 | B8: 0.01 | C8: 123.45 | D8: 126.57 | E8: =D8-C8 -> 3.12 | F8: 126.57 | G8: =F8-D8 -> 0
A9: csAVP8 | B9: 0.01 | C9: 171.33 | D9: 171.33 | E9: =D9-C9 -> 0 | F9: 171.33 | G9: =F9-D9 -> 0
A10: csAVP9 | B10: 0.01 | C10: 366.97 | D10: 366.97 | E10: =D10-C10 -> 0 | F10: 366.97 | G10: =F10-D10 -> 0
A11: csAVP10 | B11: 0.01 | C11: 185.64 | D11: 185.64 | E11: =D11-C11 -> 0 | F11: 185.64 | G11: =F11-D11 -> 0
A13: Apr 2026 values: from the 4 May 2026 email to the Editorial Office (user-provided).
A14: Virus-specific results page has no Download button; 30 Sep values transcribed from screenshots of jobs 2009388907 and 1806815164 (SVM also identical in both runs).

Sheet HM1_repeat_check
A1: Hybrid Model I run twice on 30 Sep 2026 with the same FASTA. Difference = run 2 − run 1.
A3: Peptide | B3: Run 2 SVM | C3: Run 2 RF | D3: Run 2 IBk | E3: Run 2 K* | F3: Δ SVM | G3: Δ RF | H3: Δ IBk | I3: Δ K*
A4: csAVP1 | B4: 99.44 | C4: 38 | D4: 125.46 | E4: 0.22 | F4: =B4-'Rerun_2026-09-30'!D4 -> 0 | G4: =C4-'Rerun_2026-09-30'!E4 -> 0 | H4: =D4-'Rerun_2026-09-30'!F4 -> 0 | I4: =E4-'Rerun_2026-09-30'!G4 -> 0
A5: csAVP2 | B5: 78.69 | C5: 108.68 | D5: 152.62 | E5: 11.41 | F5: =B5-'Rerun_2026-09-30'!D5 -> 0 | G5: =C5-'Rerun_2026-09-30'!E5 -> 0 | H5: =D5-'Rerun_2026-09-30'!F5 -> 0 | I5: =E5-'Rerun_2026-09-30'!G5 -> 0
A6: csAVP3 | B6: 32.97 | C6: 41.74 | D6: 58.84 | E6: 17.01 | F6: =B6-'Rerun_2026-09-30'!D6 -> 0 | G6: =C6-'Rerun_2026-09-30'!E6 -> 0 | H6: =D6-'Rerun_2026-09-30'!F6 -> 0 | I6: =E6-'Rerun_2026-09-30'!G6 -> 0
A7: csAVP4 | B7: 40.75 | C7: 19.24 | D7: 19.85 | E7: 8.01 | F7: =B7-'Rerun_2026-09-30'!D7 -> 0 | G7: =C7-'Rerun_2026-09-30'!E7 -> 0 | H7: =D7-'Rerun_2026-09-30'!F7 -> 0 | I7: =E7-'Rerun_2026-09-30'!G7 -> 0
A8: csAVP5 | B8: 49.27 | C8: 19.61 | D8: 33.46 | E8: 11.01 | F8: =B8-'Rerun_2026-09-30'!D8 -> 0 | G8: =C8-'Rerun_2026-09-30'!E8 -> 0 | H8: =D8-'Rerun_2026-09-30'!F8 -> 0 | I8: =E8-'Rerun_2026-09-30'!G8 -> 0
A9: csAVP6 | B9: 39.43 | C9: 73.22 | D9: 35.16 | E9: 0.01 | F9: =B9-'Rerun_2026-09-30'!D9 -> 0 | G9: =C9-'Rerun_2026-09-30'!E9 -> 0 | H9: =D9-'Rerun_2026-09-30'!F9 -> 0 | I9: =E9-'Rerun_2026-09-30'!G9 -> 0
A10: csAVP7 | B10: 46.57 | C10: 49.41 | D10: 19.85 | E10: 313.01 | F10: =B10-'Rerun_2026-09-30'!D10 -> 0 | G10: =C10-'Rerun_2026-09-30'!E10 -> 0 | H10: =D10-'Rerun_2026-09-30'!F10 -> 0 | I10: =E10-'Rerun_2026-09-30'!G10 -> 0
A11: csAVP8 | B11: 38.71 | C11: 13.64 | D11: 11.8 | E11: 1.01 | F11: =B11-'Rerun_2026-09-30'!D11 -> 0 | G11: =C11-'Rerun_2026-09-30'!E11 -> 0 | H11: =D11-'Rerun_2026-09-30'!F11 -> 0 | I11: =E11-'Rerun_2026-09-30'!G11 -> 0
A12: csAVP9 | B12: 45.99 | C12: 56.5 | D12: 36.75 | E12: 14.01 | F12: =B12-'Rerun_2026-09-30'!D12 -> 0 | G12: =C12-'Rerun_2026-09-30'!E12 -> 0 | H12: =D12-'Rerun_2026-09-30'!F12 -> 0 | I12: =E12-'Rerun_2026-09-30'!G12 -> 0
A13: csAVP10 | B13: 45.75 | C13: 17.61 | D13: 62.98 | E13: 9.01 | F13: =B13-'Rerun_2026-09-30'!D13 -> 0 | G13: =C13-'Rerun_2026-09-30'!E13 -> 0 | H13: =D13-'Rerun_2026-09-30'!F13 -> 0 | I13: =E13-'Rerun_2026-09-30'!G13 -> 0
A15: Values differing | B15: =SUMPRODUCT((ABS(F4:I13)>0.001)*1) -> 0
